{
  "balance": 0.00084627,
  "unconfirmed_balance": 0.00000000,
  "immature_balance": 0.00000000
}
