{
  "balance": 963.15976824,
  "unconfirmed_balance": 0.00000000,
  "immature_balance": 0.00000000
}
