{
  "balance": 1508.37859372,
  "unconfirmed_balance": 0.00000000,
  "immature_balance": 0.00000000
}
